18frames.dk;ns01.one.com
3skoennedage.dk;ns1.curanet.dk
3skonnedage.dk;ns2.curanet.dk
40978787.dk;ns2.scf.dk
aarhuspilleovne.dk;ns.dandomain.dk
aarhus-stilladser.dk;ns4.simply.com
aarhusstilladser.dk;ns4.simply.com
aarhusstilladsudlejning.dk;ns3.simply.com
affk.dk;jobs.ns.cloudflare.com
aj-hans-larsen.dk;ns1.curanet.dk
alexandras.dk;ns2.curanet.dk
alfast.dk;ns1.curanet.dk
allanledhansen.dk;ns1.ascio.com
allergibutikken.dk;ns2.scannet2.dk
alu.dk;ns4-09.azure-dns.info
amazoonia.dk;ns.dandomain.dk
am-byggeri.dk;ns4.danaweb.org
amstrup-baggesen.dk;ns2.curanet.dk
anjasklippestue.dk;ns1.curanet.dk
anlaegsgartnersparvath.dk;leland.ns.cloudflare.com
annethygesen.dk;ns3.ascio.com
annettesblomster.dk;ns1.curanet.dk
apjpaint.com;ns1.curanet.dk
apmotorcenter.dk;ns1.curanet.dk
app-shield.dk;ns2.dandomain.dk
appshield.dk;ns.dandomain.dk
aquawildlife.com;ns2.dandomain.dk
aquawildlife.dk;ns.dandomain.dk
argento-hair.dk;ns1.dns.services
arkitektgruppen.dk;ns01.one.com
artbythygesen.dk;ns02.one.com
autochef.dk;ns2.ascio.com
avanti-galleri.dk;ns2.ascio.com
baelternesfiskeriforening.dk;ns1.curanet.dk
balsby.biz;ns1.wpx.ne.jp
barnercoiffure.dk;ns1.curanet.dk
bayart.dk;ns3.ascio.com
baytech.dk;ns2.curanet.dk
beautyogwellnessbyt.dk;ns2.dandomain.dk
bellaccidesign.dk;ns1.curanet.dk
bellacci.dk;ns1.curanet.dk
bffisk.dk;ns2.ascio.com
bilsynodense.dk;ns2.curanet.dk
biltilsyn.dk;ns2.ascio.com
bjernejensen-as.dk;ns2.simply.com
blaskaffeogthe.dk;ns1.ascio.com
blik-kh.dk;ns1.simply.com
blikogvvs.dk;ns01.one.com
bm-consulting.dk;ns1.curanet.dk
boegstedlager.dk;ns.dandomain.dk
boeldenmark.com;ns2.dandomain.dk
bos.dk;ns2.scannet2.dk
boulevardkroen.dk;ns01.one.com
bo-vita.dk;ns2.curanet.dk
brandt-metal.dk;ns4.ascio.com
brangstrup.dk;ns02.one.com
bregnor-byg.dk;ns1.curanet.dk
breum-byg.dk;ns2.curanet.dk
breumbyg.dk;ns2.curanet.dk
brilleleje.dk;ns1.curanet.dk
brink-zoneterapi.dk;ns1.curanet.dk
broagerblik.dk;ns4.ascio.com
broby-el.dk;ns1.simply.com
brobyel.dk;ns3.ascio.com
butiksmuksak.com;ns1.curanet.dk
bwk-maleren.dk;ns1.ascio.com
byemra.dk;ns1.curanet.dk
byens-fodplejer.dk;ns2.curanet.dk
byensfodplejer.dk;ns2.curanet.dk
byggeselkabet-klovborg.dk;ns1.ascio.com
byggeselkabetklovborg.dk;ns4.ascio.com
bygholmkursuscenter.dk;ns.efif.dk
byg-og-bevar.dk;ns4.danaweb.org
bygogbevar.dk;ns3.danaweb.org
bymak.dk;ns1.ascio.com
byrg.dk;ns1.curanet.dk
byrgesens-auto.dk;ns2.curanet.dk
cadpartner.dk;ns2.ascio.com
caredesign.dk;ns2.curanet.dk
cc-el.dk;ns02.one.com
ce-pharmamachinery.com;ns1.curanet.dk
cepharmamachinery.com;ns1.curanet.dk
cesa.dk;ns4.ascio.com
chahogi.dk;ns2.dandomain.dk
chrisholm.dk;ns3.simply.com
chrisholmshop.dk;ns3.ascio.com
c-hypnose.dk;ns3.ascio.com
city-platforme.dk;ns1.simply.com
cityplatforme.dk;ns3.simply.com
clausen-snedker.dk;ns3.danaweb.org
cloud-buddy.dk;ns2.curanet.dk
cloudbuddy.dk;ns1.curanet.dk
cloud-buddy.se;ns2.curanet.dk
cloudbuddy.se;ns22.domaincontrol.com
co2shoppen.dk;ns1.ascio.com
combi-pet.dk;ns2.ascio.com
combipet.dk;ns2.ascio.com
conel.dk;ns2.ascio.com
cramer-sale.dk;ns2.ascio.com
creoarkitekter.dk;ns01.one.com
cs-citystilladser.dk;ns2.curanet.dk
cscitystilladser.dk;ns2.simply.com
csi-service.dk;ns1.curanet.dk
csiservice.dk;ns1.atznet.dk
culli.dk;ns2.curanet.dk
danblumen.dk;ns1.simply.com
danblumen.eu;ns4.simply.com
daninspektion.dk;ns1.curanet.dk
danishfastfoodtechnic.dk;ns2.ascio.com
danselection.com;ns1.simply.com
danselection.dk;ns2.ascio.com
danskdataservice.dk;ns2.scannet2.dk
danskkontordesign.dk;ns1.ascio.com
dasre.dk;ns1.ascio.com
dchi.dk;ns2.ascio.com
decofarver.dk;ns4.simply.com
dekaeredyr.dk;ns2.curanet.dk
deponisyd.dk;ns2.ascio.com
diamantboring-diamantskaering-fyn.dk;ns2.ascio.com
diamantboring-fyn.dk;ns4.ascio.com
diamantskaering-fyn.dk;ns1.ascio.com
digital-plus.dk;ns2.curanet.dk
digitalplus.dk;ns1.curanet.dk
ditlevsdal.dk;ns1.ascio.com
dittebrolykke.dk;ns3.ascio.com
dkc-isolering.dk;ns2.curanet.dk
dkfm.dk;ns2.simply.com
dny-cph.dk;ns1.123hotel.dk
donforno.dk;ns2.dandomain.dk
droemmehaven.dk;ns2.stom.dk
drudsvvs.dk;ns1.curanet.dk
dsmontage.dk;ns02.one.com
dukanhjaelpe.dk;ns1.simply.com
duniduo.dk;ns1.curanet.dk
dyreborg-ts.dk;ns3.ascio.com
egholmgroup.dk;ns4.ascio.com
ejservice.dk;ns02.one.com
elektronikmesse.dk;ns2.ascio.com
el-fyn.dk;ns1.curanet.dk
elfyn.dk;ns1.curanet.dk
elitescandinavia.dk;ns1.ascio.com
elteamsikring.dk;ns2.curanet.dk
eltechcomp.dk;ns2.dnshost.net
eltech.dk;ns1.dnshost.net
eltraco.com;ns1.curanet.dk
emailplus.dk;ns1.ascio.com
enebepadel.dk;ns4.ascio.com
engelhardt.dk;ns2.ascio.com
eptnordic.com;ns2.curanet.dk
erikschmidt.dk;ns02.one.com
eriksen-anlaeg.dk;ns2.curanet.dk
ersatzteilepelletofen.de;ns2.dandomain.dk
esport-test.dk;ns1.curanet.dk
etikk.dk;ns01.one.com
etsikkertsmil.dk;ns2.curanet.dk
eventas.dk;ns4.ascio.com
expression.dk;ns1.curanet.dk
expression.nu;ns1.curanet.dk
faaborg-gym.dk;ns01.one.com
fahlenskilte.dk;ns01.one.com
falsterkat.dk;ns2.curanet.dk
familyrider.dk;ns.dandomain.dk
farmercamp.dk;ns.dandomain.dk
farstrupcomfortcenter.dk;ns1.aveo.dk
fbplus.dk;ns4.ascio.com
feriecenter-skaerbaek.dk;ns2.curanet.dk
fev.gl;ns1.curanet.dk
fine-fibre.dk;ns4.ascio.com
finefibre.dk;ns3.ascio.com
fitnesshoppen.dk;ns1.ascio.com
fitnessudstyr-test.dk;ns2.curanet.dk
fki.dk;ns4.ascio.com
fkishop.com;ns2.curanet.dk
fkishop.dk;ns2.ascio.com
flowhow.dk;ns1.curanet.dk
fodevaregruppen.dk;ns4.ascio.com
forstehjaelpskursus.dk;ns4.simply.com
frbcatering.dk;ulla.ns.cloudflare.com
frieskolersledere.dk;ns2.ascio.com
frisor-r.dk;ns2.netsite.se
froekenoeko.dk;ns2.curanet.dk
fsleder.dk;ns2.curanet.dk
fspolering.dk;ns4.simply.com
fto.dk;ns2.simply.com
fynboglas.dk;ns1.curanet.dk
fynbopolser.dk;ns3.simply.com
fynsbatteriservice.dk;ns1.simply.com
fynsbbc.dk;ns01.one.com
fyns-tag.dk;ns3.simply.com
gamingstol-test.dk;ns2.curanet.dk
gaming-test.dk;ns2.curanet.dk
garn-test.dk;ns1.curanet.dk
garnudsalg.dk;ns1.ascio.com
gartnerkolding.dk;ns2.ascio.com
gaverogbolig.dk;ns1.dnshotel.dk
gelsted-transport.dk;ns3.simply.com
genbrugshallerne.dk;ns3.ascio.com
ginkgo.as;ns3.simply.com
give-kistefabrik.dk;ns3.ascio.com
glascom.dk;ns2.curanet.dk
glas-tyven.dk;khalid.ns.cloudflare.com
glastyven.dk;tia.ns.cloudflare.com
gleerup-leasing.dk;ns3.ascio.com
gleerupleasing.dk;ns2.curanet.dk
golftraef.dk;ns2.curanet.dk
grebkompagniet.dk;ns2.curanet.dk
green-indoor.dk;ns1.curanet.dk
grindsted-bk.dk;ns1.simply.com
groenne-anlaeg.dk;ns1.curanet.dk
groenneanlaeg.dk;ns2.curanet.dk
groens.dk;ns1.ascio.com
gronprofil.dk;ns4.gigahost.dk
guldsteen.dk;ns2.ascio.com
gunnarballe.dk;ns2.scannet2.dk
haar-saksen.dk;ns2.curanet.dk
halm80.dk;ns3.ascio.com
handtagskompaniet.se;ns1.curanet.dk
handyman-test.dk;ns1.curanet.dk
handymantest.dk;ns1.curanet.dk
hansen-bay.dk;ns02.one.com
hanskirk.dk;ns01.one.com
harden.dk;ns2.dandomain.dk
haslevboghandel.dk;ns2.curanet.dk
hatting-el.dk;ns1.curanet.dk
juvelgruppen.dk;ns01.one.com
jvm.dk;ns2.dandomain.dk
jyskcoating.dk;ns2.curanet.dk
kaerbygaardplankeborde.dk;ns3.azehosting.net
kai-andersen.dk;ns2.curanet.dk
kai-thor.dk;ns2.curanet.dk
kaithor.dk;ns2.curanet.dk
kalovigbadehotel.dk;ns1.curanet.dk
kanostrafikskole.dk;ns1.curanet.dk
karma-studio.dk;ns1.curanet.dk
kaspercoshop.dk;ns.dandomain.dk
kennel-lillemosen.dk;ns2.ascio.com
kigindustrigulve.dk;ns1.curanet.dk
kildelunden.dk;ns02.one.com
kiro5000.dk;ns1.ascio.com
kjaerskoekken.dk;ns2.curanet.dk
kjeldlarsen.dk;ns3.ascio.com
kjk-asfalt.dk;ns2.curanet.dk
k-k-nielsen.dk;ns2.simply.com
klassiskrengoering.dk;ns1.curanet.dk
byburin.dk;no such host
boxno37.dk;no such host
cherry-harvester-schaumann.com;no such host
brangstrupwebshop.dk;no such host
bygholm-kursuscenter.dk;no such host
ens-transport.dk;no such host
frieheste.dk;no such host
erhvervsbilcenterfyn.dk;no such host
funktioneltrideudstyr.dk;no such host
eurologistics.dk;no such host
fynsbankocenter.dk;no such host
bkt.dk;no such host
gunderlund.dk;no such host
byg-og-bevar.com;no such host
cannabi.dk;no such host
haveredskaber-test.dk;ns2.curanet.dk
havestil.dk;ns1.stom.dk
havnensgourmet.dk;ns1.bdm.microsoftonline.com
havnensperle.dk;ns3.simply.com
heat-on.dk;ns1.curanet.dk
heat-on.eu;ns2.curanet.dk
heikewilde.dk;ns6.dns-123.net
helle-pihl.dk;ns3.simply.com
hem-malerfirma.dk;ns4.wwi.eu
henriks-spartel.dk;ns2.ascio.com
henry-jensen.dk;ns2-09.azure-dns.net
herkules-alarm.dk;ns1.ascio.com
hn-shoppen.dk;ns.dandomain.dk
hojbotransport.dk;ns1.ascio.com
hojoster.dk;ns4.dk
homesupply.dk;ns1.ascio.com
horupbolig.dk;ns02.one.com
horupmaskiner.dk;ns4.ascio.com
hotel-odense.dk;ns4.ascio.com
hotelodense.dk;ns3.ascio.com
hoteloestersoe.dk;ns2.ascio.com
hotelosterso.dk;ns4.ascio.com
hpmontage.dk;ns2.danaweb.org
hpscandinavia.dk;ns3.ascio.com
hp-smedie.dk;ns3.simply.com
hrlarsen.dk;ns1.simply.com
hudplejegruppen.dk;ns3.ascio.com
husetno17.dk;ns2.curanet.dk
hvidtfeldtgaard.dk;ns4.simply.com
ibsens-trafikskole.dk;ns1.curanet.dk
idaprivat.dk;ns1.curanet.dk
idea-interior.dk;ns1.curanet.dk
industrilak.dk;ns1.curanet.dk
info-teria.dk;ns1.curanet.dk
infoteria.dk;ns2.curanet.dk
infravarme.com;ns1.curanet.dk
infravarme.dk;ns2.curanet.dk
infravarme.no;ns2.dandomain.dk
inkaplast.dk;ns1.simply.com
ishojforsyning.dk;ns1.curanet.dk
isoleringranders.dk;ns1.curanet.dk
ivecokolding.dk;ns3.simply.com
jacksbrolaegning.dk;ns1.ascio.com
jakobscafe.dk;ns1.ascio.com
jakobsen-gulvservice.dk;ns3.simply.com
jakobskovvang.dk;ns2.simply.com
janmikkelsen.dk;ns2.dandomain.dk
janniejohansen.dk;ns2.curanet.dk
jaskurerservice.dk;ns2.curanet.dk
jemac.dk;ns2.curanet.dk
jenssandberg.dk;ns3.danaweb.org
jes-britt-koereskole.dk;ns1.simply.com
jhcnc.dk;ns1.ascio.com
jhservice.dk;ns4.simply.com
jhservice-give.dk;ns1.ascio.com
jilindramning.dk;ns2.danaweb.org
jkbygogmontage.dk;ns1.curanet.dk
jl-kloakservice.dk;ns1.curanet.dk
jlkloakservice.dk;ns1.ascio.com
jobagenterne.dk;ns01.one.com
juliaodense.dk;ns3.ascio.com
klokkers.dk;ns.scannet2.dk
knagegaarden.dk;ns1.curanet.dk
kongvolmer.com;ns1.curanet.dk
korupmalerforretning.dk;ns1.whmhosting.dk
kreafuld.dk;pns33.cloudns.net
kreativoutlet.dk;ns01.one.com
kreativtoutlet.dk;ns02.one.com
krebs-fotografi.dk;ns2.curanet.dk
krebs-media.dk;ns4.ascio.com
krogh-thomsen.dk;ns2.ascio.com
kronmal.dk;ns3.wwi.as
kt-revision.dk;ns3.simply.com
kundejulegaver.dk;ns.dandomain.dk
kunstnerhuset-vadehavet.dk;ns1.curanet.dk
kursus-event.dk;ns1.curanet.dk
kursus-fritidscenter.dk;ns2.curanet.dk
kvaers-kro.dk;ns2.curanet.dk
kvaerskro.dk;ns2.curanet.dk
kvalitat.dk;ns2.dandomain.dk
kvts.dk;ns1.dns.services
lacentersport.dk;ns2.curanet.dk
laekt.dk;logan.ns.cloudflare.com
lakoglir.dk;ns2.curanet.dk
laserteknik.dk;ns2.simply.com
learningbydoing.dk;ns2.curanet.dk
lekaform.dk;ns3.ascio.com
lekapharm.dk;ns3.ascio.com
lifecareone.dk;ns-119-c.gandi.net
lillebaeltpolsteren.dk;ns2.simply.com
linaa-procesventilation.dk;ns1.ascio.com
linedance-event.dk;ns2.curanet.dk
linedance-skaerbaek.dk;ns2.curanet.dk
lj-murer.dk;ns2.curanet.dk
lmv.dk;ns01.one.com
lobemalerfirma.dk;ns.dandomain.dk
louismobler.dk;ns2.ascio.com
louismoebler.dk;ns3.ascio.com
lpracks.com;ns.dandomain.dk
lpracks.dk;ns2.dandomain.dk
lr-friis.dk;ns02.one.com
lyngsservice.dk;ns1.curanet.dk
lystrup-teenskidsbaby.dk;ns2.ascio.com
m4marketing.dk;ns01.one.com
maagvvs.dk;ns4.simply.com
magissa.dk;ns8.bricksite.net
majgaardbranding.com;ns1.curanet.dk
makmarked.dk;ns1.ascio.com
malerbutikken-odense.dk;ns4.ascio.com
malerbutikkenodense.dk;ns2.ascio.com
malerfirmaet.as;ns1.curanet.dk
malerfirmaet-rundkvist.dk;ns2.curanet.dk
malermester-odense.dk;ns3.ascio.com
malermesterodense.dk;ns3.ascio.com
mapp.dk;ns2.curanet.dk
mapp-store.dk;ns1.curanet.dk
marc-lauge.dk;ns02.one.com
mariamaler.dk;ns1.ascio.com
mbts.dk;ns1.curanet.dk
midtfynsejendomsservice.dk;ns2.ascio.com
minimirakler.com;ns1.curanet.dk
minimirakler.dk;ns1.ascio.com
mininordic.dk;ns3.simply.com
mintojmand.dk;ns3.ascio.com
mjolnerparken.dk;ns1.curanet.dk
mk-el.dk;ns1.curanet.dk
mkmurerne.dk;ns2.ascio.com
mmth.dk;ns2.simply.com
mobelforretningen.dk;ns2.ascio.com
motormonkey.dk;ns1.curanet.dk
motorvejskiosk.dk;ns2.curanet.dk
mueis-thaifood.dk;ns2.curanet.dk
munkeboautoservice.dk;ns1.curanet.dk
munkemose-park.dk;ns2.curanet.dk
murerlarsk.dk;ns01.one.com
murermestrene.dk;ns1.nmesvr.dk
murerodense.dk;ns02.one.com
murup.dk;ns2.dns.services
musklerogled.dk;ns4.ascio.com
myella.dk;ns2.dandomain.dk
nadjaholst.dk;ns2.ascio.com
naesby-maler.dk;ns2.curanet.dk
naturloeftet.dk;ns1.curanet.dk
naturloftet.dk;ns1.curanet.dk
nemfoder.dk;ns2.curanet.dk
nibe.dk;ns1.ascio.com
nkoge.dk;ns2.ascio.com
nokane.org;ns2.curanet.dk
nordseeinfo.dk;ns2.curanet.dk
nsk-engros.dk;ns2.ascio.com
n-tech.nu;ns-98-a.gandi.net
obbc.dk;ns1.simply.com
odensehaandboldshop.dk;ns4.ascio.com
odense-kloak.dk;ns2.telanco.dk
odenseminitaxi.dk;ns2.danaweb.org
odensemurerlaug.dk;ns02.one.com
odense-rengoering.dk;ns1.curanet.dk
odense-skilte.dk;ns01.one.com
odensestadion.dk;ns2.ascio.com
odincon.eu;ns02.one.com
odsherreds-gym.dk;ns01.one.com
office-catering.eu;ns.scannet2.dk
offlineplus.dk;ns1.ascio.com
oj-maskiner.dk;ns.scannet2.dk
onlineplus.app;jim.ns.cloudflare.com
online-plus.dk;ns2.ascio.com
onlineplus.dk;ns1.curanet.dk
onlineplus-hosting.dk;ns2.ascio.com
onlineplushosting.dk;ns3.ascio.com
onlineplusmobil.dk;ns2.ascio.com
onlineplus.se;ns2.curanet.dk
onrobot.co.uk;ns4.eurodns.com
onrobot.cz;ns1.eurodns.com
onrobot.de;ns4.eurodns.com
onrobot.es;ns1.eurodns.com
onrobot.fi;ns3.eurodns.com
onrobot.fr;ns1.eurodns.com
onrobot.hr;ns4.eurodns.com
onrobot.it;ns1.eurodns.com
onrobot.jp;ns1.eurodns.com
onrobot.kr;ns3.eurodns.com
onrobot.my;ns3.eurodns.com
onrobot.nl;ns4.eurodns.com
onrobot.nz;ns3.eurodns.com
onrobot.org;ns1.eurodns.com
onrobot.ph;ns3.eurodns.com
onrobot.pl;ns1.eurodns.com
onrobot.pt;ns1.eurodns.com
onrobot.ro;ns4.eurodns.com
onrobot.si;ns3.eurodns.com
onrobot.sk;ns3.eurodns.com
onrobot.tw;ns4.eurodns.com
onrobot.uk;ns4.eurodns.com
onrobot.vn;ns2.eurodns.com
padelmania.dk;ns3.ascio.com
pakhusgaarden.com;ns2.gname.net
papiruld-fyn.dk;ns3.danaweb.org
parasol-test.dk;ns2.curanet.dk
paryk.dk;ns4.ascio.com
parykkerodense.dk;ns02.one.com
parykmager.dk;ns2.simply.com
pederolsen.dk;ns1.curanet.dk
pejsemanden.dk;ns1.curanet.dk
pernillekjaerulff.dk;ns1.curanet.dk
peterkildemand.com;ns1.curanet.dk
ph-elteknik.dk;ns2.ascio.com
phelteknik.dk;ns3.ascio.com
ph-hegn.dk;ns2.simply.com
piemontepaaflaske.dk;ns2.curanet.dk
planner4kids.com;ns2.curanet.dk
planner4kids.dk;ns2.curanet.dk
plus-medier.dk;ns2.ascio.com
plusmedier.dk;ns3.ascio.com
porteautomatik.dk;ns2.ascio.com
potentialeudvikling.nu;ns2.curanet.dk
poula-jette.dk;ns4.simply.com
psykolog-wh.dk;ns3.simply.com
pulswebshop.dk;ns2.dandomain.dk
herkulesalarm.dk;no such host
houseproject.dk;no such host
hmcenter.dk;no such host
irlindogstaal.dk;no such host
jimlyngvild-denmark.dk;no such host
jimlyngvilddenmark.dk;no such host
hedegaard-kistefabrik.dk;no such host
kunsterhuset-vadehavet.com;no such host
naturresidenswassersleben.dk;no such host
mortenspartel.dk;no such host
munkebospeedway.dk;no such host
munkemosepark.dk;no such host
odensetomrerfirma.dk;no such host
jimlyngvilddanmark.dk;no such host
naturresidenswassersleben.de;no such host
mostersbutik.dk;no such host
pure-leads.dk;no such host
putandtrack.com;ns2.dandomain.dk
qlaw.dk;ns1.simply.com
peterkildemand.dk;no such host
purecultureshop.dk;ns3.ascio.com
mkv-as.dk;no such host
i-drive.dk;no such host
maksmarked.dk;no such host
aarupgokarthal.dk;no such host
tasfo.dk;ns3.simply.com
te-el.dk;ns1.curanet.dk
testafelcykel.dk;ns2.curanet.dk
test-elcykel.dk;ns2.curanet.dk
t-i.dk;ns01.one.com
time2learn.dk;ns3.gigahost.dk
tjn-nielsen.dk;ns4.ascio.com
t-joy.dk;ns2.ascio.com
tjoy.dk;ns2.ascio.com
traedrejerbutikken.dk;ns3.scf.dk
welovebeauty.dk;ns1.ascio.com
thomas-hans.dk;no such host
smedejernslaager.dk;ns1.ascio.com
rikkerindebaek.dk;ns2.ascio.com
ribefritidscenter.dk;ns3.ascio.com
sk-svejs.dk;ethan.ns.cloudflare.com
sportscenterdanmark.dk;ns4.ascio.com
sannejuelegelund.dk;ns1.simply.com
s-designodense.dk;ns4.ascio.com
scratchcard.dk;ns2.curanet.dk
s-fisker.dk;ns1.soegemedier.dk
tomrerkerteminde.dk;ns3.ascio.com
valggaven-newimage.dk;ns3.ascio.com
ugotlead.de;ns1.curanet.dk
ugotlead.com;ns2.curanet.dk
vosogco.dk;ns1.ascio.com
vistiunlimited.dk;ns1.bukephalos.dk
vibor-a.dk;ns3.ascio.com
restaurant-fionie.dk;ns2.ascio.com
svanningemaler.dk;ns1.danaweb.org
sanggaard.dk;ns2.simply.com
xn--smedejernslge-zfb.dk;ns1.ascio.com
restaurantfionie.dk;ns1.ascio.com
slbyg.dk;ns2.danaweb.org
remsservice.dk;ns4.ascio.com
ronnimadsen.dk;ns3.gigahost.dk
srogs.dk;ns1.ascio.com
tmhmultiservice.dk;ns3.gigahost.dk
svanningemalerforretning.dk;ns2.danaweb.org
schmidtrevision.dk;ns2.curanet.dk
xn--kanstrafikskole-7tb.dk;ns4.ascio.com
sss.dk;ns1.curanet.dk
xn--fo-kka.dk;ns2.danaweb.org
sibast.com;ns1.curanet.dk
reservedelpilleovn.dk;ns.dandomain.dk
skovlund-vvs.dk;ns1.curanet.dk
skaerbaekbyfest.dk;ns1.curanet.dk
tandlaegernesoeborg.dk;ns3.simply.com
sondergaardparyk.dk;ns.scannet2.dk
skaerbaek-feriecenter.dk;ns2.curanet.dk
sports-center.dk;ns4.ascio.com
;f.root-servers.net
xn--varnildsbogfring-wxb.dk;ns2.nhl-data.dk
studiio.dk;ns4.simply.com
reptilescan.com;ns02.one.com
sansegynge.org;ns2.simply.com
sportscenter-danmark.dk;ns1.ascio.com
ungdomshojskole.dk;ns2.curanet.dk
randers-stilladser.dk;ns1.simply.com
salongyldenlund.dk;ns1.ascio.com
rekordrenseriet.dk;ns.dandomain.dk
soren-b.dk;ns02.one.com
r-arkitekter.dk;ns2.curanet.dk
trend-buddy.de;no such host
vildmarksbadbutik.dk;ns2.curanet.dk
steinfrandsen.dk;ns2.curanet.dk
skribenterne.dk;ns2.curanet.dk
special-lakering-odense.dk;ns1.ascio.com
xn--sdbanlg-rxa.dk;no such host
realnetwork.dk;ns2.ascio.com
xn--jenssrensen-kgb.dk;ns2.curanet.dk
spotonjobs.dk;elisabeth.ns.cloudflare.com
wendorff.dk;ns.dandomain.dk
xn--frkenko-r1ad.dk;ns2.curanet.dk
silitrade.com;ns1.curanet.dk
xn--tandlgerne-hrmand-vrb36a.dk;ns1.ascio.com
xn--mjlnerparken-wjb.dk;ns1.curanet.dk
seo-seminar.dk;ns1.ascio.com
xn--vrsgoshop-g3a.com;ns4.ascio.com
restaurantsvendborgsund.dk;ns1.curanet.dk
tandkultur.dk;ns3.simply.com
spuling.dk;ns01.one.com
siddedesign.dk;ns2.aveo.dk
rolibashop.dk;ns4.ascio.com
rolibabelysning.dk;ns2.curanet.dk
restaurant-staffeli.dk;ns2.curanet.dk
sanderumhvidevare.dk;ns1.simply.com
spmaskiner.dk;ns1.curanet.dk
sportshotelvejen.dk;ns2.curanet.dk
uhr.dk;ns2.curanet.dk
skribenterne.com;ns1.curanet.dk
smooth-robotics.dk;ns3.simply.com
sportyliving.dk;ns2.ascio.com
traedesign.dk;ns1.ascio.com
trierindustries.com;ns01.one.com
tr3ding.dk;ns2.ascio.com
seoseminar.dk;ns3.ascio.com
trendbuddy.de;no such host
tpi-ea.dk;ns1.curanet.dk
varnildsbogforing.dk;ns4.nhl-data.dk
stormhandwerk.dk;ns1.simply.com
sondergaardhairdesign.dk;ns4.simply.com
xn--vrsgo-sra.com;ns2.curanet.dk
xn--tandvrk-qxa.dk;ns6.chosting.dk
smeden-hjallese.dk;ns2.curanet.dk
scan-visan.dk;ns3.simply.com
sportscenter-denmark.dk;ns4.ascio.com
stepupshoes.dk;no such host
wewrite.dk;three.cloudns.dk
xn--3sknnedage-2cb.dk;ns1.curanet.dk
rideudstyr-test.dk;ns1.curanet.dk
xn--ishjforsyning-dnb.dk;ns4.ascio.com
xn--almenspeciallgen-6ob.dk;ns4.ascio.com
xn--kvrs-kro-k0a.dk;ns2.curanet.dk
remac.dk;ns4.simply.com
roseminmode.dk;ns2.curanet.dk
spotlight.dk;ns2.curanet.dk
smedenihjallese.dk;ns1.curanet.dk
saltogpeber.dk;ns1.curanet.dk
servicevognen.dk;ns1.curanet.dk
softeepadel.dk;ns1.ascio.com
randersstilladser.dk;ns2.simply.com
villynielsen.dk;ns01.one.com
vadehavsmesse.dk;ns2.curanet.dk
xn--hotelsters-4cbf.dk;ns3.ascio.com
siddegodt.dk;ns01.one.com
varmepumperfyn.dk;ns4.ascio.com
xn--rjleskovmassren-5tbl.dk;ns3.ravn-hjemmesider.dk
xn--jacksbrolgning-8ib.dk;ns4.ascio.com
xn--dyreborg-kreskole-90b.dk;ns4.ascio.com
vistiunlimited.com;ns3.simply.com
xn--smedejernslger-vib.dk;ns2.ascio.com
strikke-garn.dk;ns2.curanet.dk
silitrade.dk;ns2.curanet.dk
skovroedderne.dk;ns1.curanet.dk
togt.dk;ns2.curanet.dk
xn--landbrugsvikar-snderjylland-q0c.dk;no such host
tmauto.dk;ns02.one.com
trendbuddy.co.uk;no such host
vindmedsef.dk;ns4.ascio.com
xn--kvrskro-nxa.dk;ns2.curanet.dk
xn--hrsaksen-9za.dk;ns1.curanet.dk
wpug.dk;ns2.ascio.com
xn--dekredyr-l0a.dk;ns2.curanet.dk
vestfynsefterskole.dk;ns2.simply.com
xn--anlgsgartner-odense-nxb.dk;ns2.curanet.dk
vejenkonferencen.dk;ns2.simply.com
trierindustries.dk;ns02.one.com
vejenrengoring.dk;ns1.designrus.dk
shop-tur.dk;ns1.ascio.com
sdbanlaeg.dk;no such host
ugotlead.se;ns2.curanet.dk
raabjergmurer.dk;ns1.curanet.dk
tandvaerk.dk;ns2.bdm.microsoftonline.com
strandparken-kbh.dk;ns3.ascio.com
xn--hr-saksen-52a.dk;ns2.curanet.dk
scratch-card.dk;ns1.curanet.dk
unicornsp.dk;ns1.simply.com
xn--lebk-xoa.dk;ns3.dnsservers.dk
xn--godetnder-k3a.dk;ns4.simply.com
xn--kreskole-bornholm-00b.dk;ns2.curanet.dk
vaersgo.dk;ns2.netim.net
xn--naturlftet-5cb.dk;ns1.curanet.dk
xn--vrsgo-sra.dk;ns2.curanet.dk
xn--tandlgerneifrederiksvrk-d9bq.dk;ns2.ascio.com
viks.eu;ns2.curanet.dk
yougotlead.dk;ns2.curanet.dk
rsm-teknik.dk;ns2.ascio.com
tornbjerg-gym.dk;ns02.one.com
vtm-messe.dk;ns2.ascio.com
vejensundhedscenter.dk;ns2.ascio.com
saltogpeber.com;ns2.scannet2.dk
sparvath.info;ns1.curanet.dk
xn--fynboplser-5cb.dk;ns3.ascio.com
unmade.dk;no such host
tandplejereidanmark.dk;ns3.ascio.com
skaerbaekfritidscenter.dk;ns2.curanet.dk
vedsundet.dk;ns2.ascio.com
vvs-give.dk;ns3.ascio.com
trierchristensen.dk;ns01.one.com
xn--stren-tra.dk;no such host
vvsogboligservice.dk;ns02.one.com
trendbuddy.dk;ns02.one.com
schildahl.dk;ns01.one.com
ullerslevoste.dk;ns1.gigahost.dk
ugotlead.dk;ns2.curanet.dk
xn--dukanhjlpe-j6a.dk;ns2.simply.com
skilte-odense.dk;ns01.one.com
xn--brolggerallanvogn-urb.dk;ns4.ascio.com
triathlon-blog.dk;ns1.ascio.com
xn--mbelforretningen-lxb.dk;ns1.ascio.com
xn--vrsgoshop-g3a.dk;ns4.ascio.com
sportscenterdenmark.dk;ns2.ascio.com
sansegynge.com;ns2.simply.com
skjoldborgelektroservice.dk;ns2.curanet.dk
skaerbaekferieby.dk;ns2.curanet.dk
tandlaegerneifrederiksvaerk.dk;ns5.chosting.dk
tonaboligudlejning.dk;ns2.ascio.com
smag-smil.dk;ns1.curanet.dk
xn--bgebjerg-anlgsgartner-q3b61b.dk;ns2.curanet.dk
violas.dk;ns1.ascio.com
wolflead.com;nsg2.namebrightdns.com
signedamsgaard.dk;ns2.curanet.dk
xn--trdrejerbutikken-vob.dk;ns1.ascio.com
xn--skibhustandlgerne-2rb.dk;ns2.simply.com
xn--tranekrets-i6a.dk;ns2.dandomain.dk
xn--tranekret-l3a.dk;ns.dandomain.dk
xn--bbs-zna.dk;ns1.ascio.com
vildmarksbadleje.dk;ns2.curanet.dk
vikingcs.dk;ns4.ascio.com
xn--louismbler-5cb.dk;ns4.ascio.com
unikamalerfirma.dk;ns4.ascio.com
xn--fdevaregruppen-qqb.dk;ns2.ascio.com
stendershop.dk;ns1.ascio.com
special-lakering.dk;ns2.ascio.com
rikke-moeller.dk;no such host
saltogpeber.eu;ns2.scannet2.dk
trolden-urteheksen.dk;no such host
kontorlokalerodense.dk;no such host
