Zone Name;Owner
"18frames.dk";"TCO865"
"3skoennedage.dk";"TCO865"
"3skonnedage.dk";"TCO865"
"40978787.dk";"TCO865"
"aarhuspilleovne.dk";"TCO865"
"aarhus-stilladser.dk";"TCO865"
"aarhusstilladser.dk";"TCO865"
"aarhusstilladsudlejning.dk";"TCO865"
"aarupgokarthal.dk";"TCO865"
"affk.dk";"TCO865"
"aj-hans-larsen.dk";"TCO865"
"alexandras.dk";"TCO865"
"alfast.dk";"TCO865"
"allanledhansen.dk";"TCO865"
"allergibutikken.dk";"TCO865"
"alu.dk";"TCO865"
"amazoonia.dk";"TCO865"
"am-byggeri.dk";"TCO865"
"amstrup-baggesen.dk";"TCO865"
"anjasklippestue.dk";"TCO865"
"anlaegsgartnersparvath.dk";"TCO865"
"annethygesen.dk";"TCO865"
"annettesblomster.dk";"TCO865"
"apjpaint.com";"TCO865"
"apmotorcenter.dk";"TCO865"
"app-shield.dk";"TCO865"
"appshield.dk";"TCO865"
"aquawildlife.com";"TCO865"
"aquawildlife.dk";"TCO865"
"argento-hair.dk";"TCO865"
"arkitektgruppen.dk";"TCO865"
"artbythygesen.dk";"TCO865"
"autochef.dk";"TCO865"
"avanti-galleri.dk";"TCO865"
"baelternesfiskeriforening.dk";"TCO865"
"balsby.biz";"TCO865"
"barnercoiffure.dk";"TCO865"
"bayart.dk";"TCO865"
"baytech.dk";"TCO865"
"beautyogwellnessbyt.dk";"TCO865"
"bellaccidesign.dk";"TCO865"
"bellacci.dk";"TCO865"
"bffisk.dk";"TCO865"
"bilsynodense.dk";"TCO865"
"biltilsyn.dk";"TCO865"
"bjernejensen-as.dk";"TCO865"
"bkt.dk";"TCO865"
"blaskaffeogthe.dk";"TCO865"
"blik-kh.dk";"TCO865"
"blikogvvs.dk";"TCO865"
"bm-consulting.dk";"TCO865"
"boegstedlager.dk";"TCO865"
"boeldenmark.com";"TCO865"
"bos.dk";"TCO865"
"boulevardkroen.dk";"TCO865"
"bo-vita.dk";"TCO865"
"boxno37.dk";"TCO865"
"brandt-metal.dk";"TCO865"
"brangstrup.dk";"TCO865"
"brangstrupwebshop.dk";"TCO865"
"bregnor-byg.dk";"TCO865"
"breum-byg.dk";"TCO865"
"breumbyg.dk";"TCO865"
"brilleleje.dk";"TCO865"
"brink-zoneterapi.dk";"TCO865"
"broagerblik.dk";"TCO865"
"broby-el.dk";"TCO865"
"brobyel.dk";"TCO865"
"butiksmuksak.com";"TCO865"
"bwk-maleren.dk";"TCO865"
"byburin.dk";"TCO865"
"byemra.dk";"TCO865"
"byens-fodplejer.dk";"TCO865"
"byensfodplejer.dk";"TCO865"
"byggeselkabet-klovborg.dk";"TCO865"
"byggeselkabetklovborg.dk";"TCO865"
"bygholm-kursuscenter.dk";"TCO865"
"bygholmkursuscenter.dk";"TCO865"
"byg-og-bevar.com";"TCO865"
"byg-og-bevar.dk";"TCO865"
"bygogbevar.dk";"TCO865"
"bymak.dk";"TCO865"
"byrg.dk";"TCO865"
"byrgesens-auto.dk";"TCO865"
"cadpartner.dk";"TCO865"
"cannabi.dk";"TCO865"
"caredesign.dk";"TCO865"
"cc-el.dk";"TCO865"
"ce-pharmamachinery.com";"TCO865"
"cepharmamachinery.com";"TCO865"
"cesa.dk";"TCO865"
"chahogi.dk";"TCO865"
"cherry-harvester-schaumann.com";"TCO865"
"chrisholm.dk";"TCO865"
"chrisholmshop.dk";"TCO865"
"c-hypnose.dk";"TCO865"
"city-platforme.dk";"TCO865"
"cityplatforme.dk";"TCO865"
"clausen-snedker.dk";"TCO865"
"cloud-buddy.dk";"TCO865"
"cloudbuddy.dk";"TCO865"
"cloud-buddy.se";"TCO865"
"cloudbuddy.se";"TCO865"
"co2shoppen.dk";"TCO865"
"combi-pet.dk";"TCO865"
"combipet.dk";"TCO865"
"conel.dk";"TCO865"
"cramer-sale.dk";"TCO865"
"creoarkitekter.dk";"TCO865"
"cs-citystilladser.dk";"TCO865"
"cscitystilladser.dk";"TCO865"
"csi-service.dk";"TCO865"
"csiservice.dk";"TCO865"
"culli.dk";"TCO865"
"danblumen.dk";"TCO865"
"danblumen.eu";"TCO865"
"daninspektion.dk";"TCO865"
"danishfastfoodtechnic.dk";"TCO865"
"danselection.com";"TCO865"
"danselection.dk";"TCO865"
"danskdataservice.dk";"TCO865"
"danskkontordesign.dk";"TCO865"
"dasre.dk";"TCO865"
"dchi.dk";"TCO865"
"decofarver.dk";"TCO865"
"dekaeredyr.dk";"TCO865"
"deponisyd.dk";"TCO865"
"diamantboring-diamantskaering-fyn.dk";"TCO865"
"diamantboring-fyn.dk";"TCO865"
"diamantskaering-fyn.dk";"TCO865"
"digital-plus.dk";"TCO865"
"digitalplus.dk";"TCO865"
"ditlevsdal.dk";"TCO865"
"dittebrolykke.dk";"TCO865"
"dkc-isolering.dk";"TCO865"
"dkfm.dk";"TCO865"
"dny-cph.dk";"TCO865"
"donforno.dk";"TCO865"
"droemmehaven.dk";"TCO865"
"drudsvvs.dk";"TCO865"
"dsmontage.dk";"TCO865"
"dukanhjaelpe.dk";"TCO865"
"duniduo.dk";"TCO865"
"dyreborg-ts.dk";"TCO865"
"egholmgroup.dk";"TCO865"
"ejservice.dk";"TCO865"
"elektronikmesse.dk";"TCO865"
"el-fyn.dk";"TCO865"
"elfyn.dk";"TCO865"
"elitescandinavia.dk";"TCO865"
"elteamsikring.dk";"TCO865"
"eltechcomp.dk";"TCO865"
"eltech.dk";"TCO865"
"eltraco.com";"TCO865"
"emailplus.dk";"TCO865"
"enebepadel.dk";"TCO865"
"engelhardt.dk";"TCO865"
"ens-transport.dk";"TCO865"
"eptnordic.com";"TCO865"
"erhvervsbilcenterfyn.dk";"TCO865"
"erikschmidt.dk";"TCO865"
"eriksen-anlaeg.dk";"TCO865"
"ersatzteilepelletofen.de";"TCO865"
"esport-test.dk";"TCO865"
"etikk.dk";"TCO865"
"etsikkertsmil.dk";"TCO865"
"eurologistics.dk";"TCO865"
"eventas.dk";"TCO865"
"expression.dk";"TCO865"
"expression.nu";"TCO865"
"faaborg-gym.dk";"TCO865"
"fahlenskilte.dk";"TCO865"
"falsterkat.dk";"TCO865"
"familyrider.dk";"TCO865"
"farmercamp.dk";"TCO865"
"farstrupcomfortcenter.dk";"TCO865"
"fbplus.dk";"TCO865"
"feriecenter-skaerbaek.dk";"TCO865"
"fev.gl";"TCO865"
"fine-fibre.dk";"TCO865"
"finefibre.dk";"TCO865"
"fitnesshoppen.dk";"TCO865"
"fitnessudstyr-test.dk";"TCO865"
"fki.dk";"TCO865"
"fkishop.com";"TCO865"
"fkishop.dk";"TCO865"
"flowhow.dk";"TCO865"
"fodevaregruppen.dk";"TCO865"
"forstehjaelpskursus.dk";"TCO865"
"frbcatering.dk";"TCO865"
"frieheste.dk";"TCO865"
"frieskolersledere.dk";"TCO865"
"frisor-r.dk";"TCO865"
"froekenoeko.dk";"TCO865"
"fsleder.dk";"TCO865"
"fspolering.dk";"TCO865"
"fto.dk";"TCO865"
"funktioneltrideudstyr.dk";"TCO865"
"fynboglas.dk";"TCO865"
"fynbopolser.dk";"TCO865"
"fynsbankocenter.dk";"TCO865"
"fynsbatteriservice.dk";"TCO865"
"fynsbbc.dk";"TCO865"
"fyns-tag.dk";"TCO865"
"gamingstol-test.dk";"TCO865"
"gaming-test.dk";"TCO865"
"garn-test.dk";"TCO865"
"garnudsalg.dk";"TCO865"
"gartnerkolding.dk";"TCO865"
"gaverogbolig.dk";"TCO865"
"gelsted-transport.dk";"TCO865"
"genbrugshallerne.dk";"TCO865"
"ginkgo.as";"TCO865"
"give-kistefabrik.dk";"TCO865"
"glascom.dk";"TCO865"
"glas-tyven.dk";"TCO865"
"glastyven.dk";"TCO865"
"gleerup-leasing.dk";"TCO865"
"gleerupleasing.dk";"TCO865"
"golftraef.dk";"TCO865"
"grebkompagniet.dk";"TCO865"
"green-indoor.dk";"TCO865"
"grindsted-bk.dk";"TCO865"
"groenne-anlaeg.dk";"TCO865"
"groenneanlaeg.dk";"TCO865"
"groens.dk";"TCO865"
"gronprofil.dk";"TCO865"
"guldsteen.dk";"TCO865"
"gunderlund.dk";"TCO865"
"gunnarballe.dk";"TCO865"
"haar-saksen.dk";"TCO865"
"halm80.dk";"TCO865"
"handtagskompaniet.se";"TCO865"
"handyman-test.dk";"TCO865"
"handymantest.dk";"TCO865"
"hansen-bay.dk";"TCO865"
"hanskirk.dk";"TCO865"
"harden.dk";"TCO865"
"haslevboghandel.dk";"TCO865"
"hatting-el.dk";"TCO865"
"haveredskaber-test.dk";"TCO865"
"havestil.dk";"TCO865"
"havnensgourmet.dk";"TCO865"
"havnensperle.dk";"TCO865"
"heat-on.dk";"TCO865"
"heat-on.eu";"TCO865"
"hedegaard-kistefabrik.dk";"TCO865"
"heikewilde.dk";"TCO865"
"helle-pihl.dk";"TCO865"
"hem-malerfirma.dk";"TCO865"
"henriks-spartel.dk";"TCO865"
"henry-jensen.dk";"TCO865"
"herkules-alarm.dk";"TCO865"
"herkulesalarm.dk";"TCO865"
"hmcenter.dk";"TCO865"
"hn-shoppen.dk";"TCO865"
"hojbotransport.dk";"TCO865"
"hojoster.dk";"TCO865"
"homesupply.dk";"TCO865"
"horupbolig.dk";"TCO865"
"horupmaskiner.dk";"TCO865"
"hotel-odense.dk";"TCO865"
"hotelodense.dk";"TCO865"
"hoteloestersoe.dk";"TCO865"
"hotelosterso.dk";"TCO865"
"houseproject.dk";"TCO865"
"hpmontage.dk";"TCO865"
"hpscandinavia.dk";"TCO865"
"hp-smedie.dk";"TCO865"
"hrlarsen.dk";"TCO865"
"hudplejegruppen.dk";"TCO865"
"husetno17.dk";"TCO865"
"hvidtfeldtgaard.dk";"TCO865"
"ibsens-trafikskole.dk";"TCO865"
"idaprivat.dk";"TCO865"
"idea-interior.dk";"TCO865"
"i-drive.dk";"TCO865"
"industrilak.dk";"TCO865"
"info-teria.dk";"TCO865"
"infoteria.dk";"TCO865"
"infravarme.com";"TCO865"
"infravarme.dk";"TCO865"
"infravarme.no";"TCO865"
"inkaplast.dk";"TCO865"
"irlindogstaal.dk";"TCO865"
"ishojforsyning.dk";"TCO865"
"isoleringranders.dk";"TCO865"
"ivecokolding.dk";"TCO865"
"jacksbrolaegning.dk";"TCO865"
"jakobscafe.dk";"TCO865"
"jakobsen-gulvservice.dk";"TCO865"
"jakobskovvang.dk";"TCO865"
"janmikkelsen.dk";"TCO865"
"janniejohansen.dk";"TCO865"
"jaskurerservice.dk";"TCO865"
"jemac.dk";"TCO865"
"jenssandberg.dk";"TCO865"
"jes-britt-koereskole.dk";"TCO865"
"jhcnc.dk";"TCO865"
"jhservice.dk";"TCO865"
"jhservice-give.dk";"TCO865"
"jilindramning.dk";"TCO865"
"jimlyngvilddanmark.dk";"TCO865"
"jimlyngvild-denmark.dk";"TCO865"
"jimlyngvilddenmark.dk";"TCO865"
"jkbygogmontage.dk";"TCO865"
"jl-kloakservice.dk";"TCO865"
"jlkloakservice.dk";"TCO865"
"jobagenterne.dk";"TCO865"
"juliaodense.dk";"TCO865"
"juvelgruppen.dk";"TCO865"
"jvm.dk";"TCO865"
"jyskcoating.dk";"TCO865"
"kaerbygaardplankeborde.dk";"TCO865"
"kai-andersen.dk";"TCO865"
"kai-thor.dk";"TCO865"
"kaithor.dk";"TCO865"
"kalovigbadehotel.dk";"TCO865"
"kanostrafikskole.dk";"TCO865"
"karma-studio.dk";"TCO865"
"kaspercoshop.dk";"TCO865"
"kennel-lillemosen.dk";"TCO865"
"kigindustrigulve.dk";"TCO865"
"kildelunden.dk";"TCO865"
"kiro5000.dk";"TCO865"
"kjaerskoekken.dk";"TCO865"
"kjeldlarsen.dk";"TCO865"
"kjk-asfalt.dk";"TCO865"
"k-k-nielsen.dk";"TCO865"
"klassiskrengoering.dk";"TCO865"
"klokkers.dk";"TCO865"
"knagegaarden.dk";"TCO865"
"kongvolmer.com";"TCO865"
"kontorlokalerodense.dk";"TCO865"
"korupmalerforretning.dk";"TCO865"
"kreafuld.dk";"TCO865"
"kreativoutlet.dk";"TCO865"
"kreativtoutlet.dk";"TCO865"
"krebs-fotografi.dk";"TCO865"
"krebs-media.dk";"TCO865"
"krogh-thomsen.dk";"TCO865"
"kronmal.dk";"TCO865"
"kt-revision.dk";"TCO865"
"kundejulegaver.dk";"TCO865"
"kunsterhuset-vadehavet.com";"TCO865"
"kunstnerhuset-vadehavet.dk";"TCO865"
"kursus-event.dk";"TCO865"
"kursus-fritidscenter.dk";"TCO865"
"kvaers-kro.dk";"TCO865"
"kvaerskro.dk";"TCO865"
"kvalitat.dk";"TCO865"
"kvts.dk";"TCO865"
"lacentersport.dk";"TCO865"
"laekt.dk";"TCO865"
"lakoglir.dk";"TCO865"
"laserteknik.dk";"TCO865"
"learningbydoing.dk";"TCO865"
"lekaform.dk";"TCO865"
"lekapharm.dk";"TCO865"
"lifecareone.dk";"TCO865"
"lillebaeltpolsteren.dk";"TCO865"
"linaa-procesventilation.dk";"TCO865"
"linedance-event.dk";"TCO865"
"linedance-skaerbaek.dk";"TCO865"
"lj-murer.dk";"TCO865"
"lmv.dk";"TCO865"
"lobemalerfirma.dk";"TCO865"
"louismobler.dk";"TCO865"
"louismoebler.dk";"TCO865"
"lpracks.com";"TCO865"
"lpracks.dk";"TCO865"
"lr-friis.dk";"TCO865"
"lyngsservice.dk";"TCO865"
"lystrup-teenskidsbaby.dk";"TCO865"
"m4marketing.dk";"TCO865"
"maagvvs.dk";"TCO865"
"magissa.dk";"TCO865"
"majgaardbranding.com";"TCO865"
"makmarked.dk";"TCO865"
"maksmarked.dk";"TCO865"
"malerbutikken-odense.dk";"TCO865"
"malerbutikkenodense.dk";"TCO865"
"malerfirmaet.as";"TCO865"
"malerfirmaet-rundkvist.dk";"TCO865"
"malermester-odense.dk";"TCO865"
"malermesterodense.dk";"TCO865"
"mapp.dk";"TCO865"
"mapp-store.dk";"TCO865"
"marc-lauge.dk";"TCO865"
"mariamaler.dk";"TCO865"
"mbts.dk";"TCO865"
"midtfynsejendomsservice.dk";"TCO865"
"minimirakler.com";"TCO865"
"minimirakler.dk";"TCO865"
"mininordic.dk";"TCO865"
"mintojmand.dk";"TCO865"
"mjolnerparken.dk";"TCO865"
"mk-el.dk";"TCO865"
"mkmurerne.dk";"TCO865"
"mkv-as.dk";"TCO865"
"mmth.dk";"TCO865"
"mobelforretningen.dk";"TCO865"
"mortenspartel.dk";"TCO865"
"mostersbutik.dk";"TCO865"
"motormonkey.dk";"TCO865"
"motorvejskiosk.dk";"TCO865"
"mueis-thaifood.dk";"TCO865"
"munkeboautoservice.dk";"TCO865"
"munkebospeedway.dk";"TCO865"
"munkemose-park.dk";"TCO865"
"munkemosepark.dk";"TCO865"
"murerlarsk.dk";"TCO865"
"murermestrene.dk";"TCO865"
"murerodense.dk";"TCO865"
"murup.dk";"TCO865"
"musklerogled.dk";"TCO865"
"myella.dk";"TCO865"
"nadjaholst.dk";"TCO865"
"naesby-maler.dk";"TCO865"
"naturloeftet.dk";"TCO865"
"naturloftet.dk";"TCO865"
"naturresidenswassersleben.de";"TCO865"
"naturresidenswassersleben.dk";"TCO865"
"nemfoder.dk";"TCO865"
"nibe.dk";"TCO865"
"nkoge.dk";"TCO865"
"nokane.org";"TCO865"
"nordseeinfo.dk";"TCO865"
"nsk-engros.dk";"TCO865"
"n-tech.nu";"TCO865"
"obbc.dk";"TCO865"
"odensehaandboldshop.dk";"TCO865"
"odense-kloak.dk";"TCO865"
"odenseminitaxi.dk";"TCO865"
"odensemurerlaug.dk";"TCO865"
"odense-rengoering.dk";"TCO865"
"odense-skilte.dk";"TCO865"
"odensestadion.dk";"TCO865"
"odensetomrerfirma.dk";"TCO865"
"odincon.eu";"TCO865"
"odsherreds-gym.dk";"TCO865"
"office-catering.eu";"TCO865"
"offlineplus.dk";"TCO865"
"oj-maskiner.dk";"TCO865"
"onlineplus.app";"TCO865"
"online-plus.dk";"TCO865"
"onlineplus.dk";"TCO865"
"onlineplus-hosting.dk";"TCO865"
"onlineplushosting.dk";"TCO865"
"onlineplusmobil.dk";"TCO865"
"onlineplus.se";"TCO865"
"onrobot.co.uk";"TCO865"
"onrobot.cz";"TCO865"
"onrobot.de";"TCO865"
"onrobot.es";"TCO865"
"onrobot.fi";"TCO865"
"onrobot.fr";"TCO865"
"onrobot.hr";"TCO865"
"onrobot.it";"TCO865"
"onrobot.jp";"TCO865"
"onrobot.kr";"TCO865"
"onrobot.my";"TCO865"
"onrobot.nl";"TCO865"
"onrobot.nz";"TCO865"
"onrobot.org";"TCO865"
"onrobot.ph";"TCO865"
"onrobot.pl";"TCO865"
"onrobot.pt";"TCO865"
"onrobot.ro";"TCO865"
"onrobot.si";"TCO865"
"onrobot.sk";"TCO865"
"onrobot.tw";"TCO865"
"onrobot.uk";"TCO865"
"onrobot.vn";"TCO865"
"padelmania.dk";"TCO865"
"pakhusgaarden.com";"TCO865"
"papiruld-fyn.dk";"TCO865"
"parasol-test.dk";"TCO865"
"paryk.dk";"TCO865"
"parykkerodense.dk";"TCO865"
"parykmager.dk";"TCO865"
"pederolsen.dk";"TCO865"
"pejsemanden.dk";"TCO865"
"pernillekjaerulff.dk";"TCO865"
"peterkildemand.com";"TCO865"
"peterkildemand.dk";"TCO865"
"ph-elteknik.dk";"TCO865"
"phelteknik.dk";"TCO865"
"ph-hegn.dk";"TCO865"
"piemontepaaflaske.dk";"TCO865"
"planner4kids.com";"TCO865"
"planner4kids.dk";"TCO865"
"plus-medier.dk";"TCO865"
"plusmedier.dk";"TCO865"
"porteautomatik.dk";"TCO865"
"potentialeudvikling.nu";"TCO865"
"poula-jette.dk";"TCO865"
"psykolog-wh.dk";"TCO865"
"pulswebshop.dk";"TCO865"
"purecultureshop.dk";"TCO865"
"pure-leads.dk";"TCO865"
"putandtrack.com";"TCO865"
"qlaw.dk";"TCO865"
"raabjergmurer.dk";"TCO865"
"randers-stilladser.dk";"TCO865"
"randersstilladser.dk";"TCO865"
"r-arkitekter.dk";"TCO865"
"realnetwork.dk";"TCO865"
"rekordrenseriet.dk";"TCO865"
"remac.dk";"TCO865"
"remsservice.dk";"TCO865"
"reptilescan.com";"TCO865"
"reservedelpilleovn.dk";"TCO865"
"restaurant-fionie.dk";"TCO865"
"restaurantfionie.dk";"TCO865"
"restaurant-staffeli.dk";"TCO865"
"restaurantsvendborgsund.dk";"TCO865"
"ribefritidscenter.dk";"TCO865"
"rideudstyr-test.dk";"TCO865"
"rikke-moeller.dk";"TCO865"
"rikkerindebaek.dk";"TCO865"
"rolibabelysning.dk";"TCO865"
"rolibashop.dk";"TCO865"
"ronnimadsen.dk";"TCO865"
"roseminmode.dk";"TCO865"
"rsm-teknik.dk";"TCO865"
"salongyldenlund.dk";"TCO865"
"saltogpeber.com";"TCO865"
"saltogpeber.dk";"TCO865"
"saltogpeber.eu";"TCO865"
"sanderumhvidevare.dk";"TCO865"
"sanggaard.dk";"TCO865"
"sannejuelegelund.dk";"TCO865"
"sansegynge.com";"TCO865"
"sansegynge.org";"TCO865"
"scan-visan.dk";"TCO865"
"schildahl.dk";"TCO865"
"schmidtrevision.dk";"TCO865"
"scratch-card.dk";"TCO865"
"scratchcard.dk";"TCO865"
"sdbanlaeg.dk";"TCO865"
"s-designodense.dk";"TCO865"
"seo-seminar.dk";"TCO865"
"seoseminar.dk";"TCO865"
"servicevognen.dk";"TCO865"
"s-fisker.dk";"TCO865"
"shop-tur.dk";"TCO865"
"sibast.com";"TCO865"
"siddedesign.dk";"TCO865"
"siddegodt.dk";"TCO865"
"signedamsgaard.dk";"TCO865"
"silitrade.com";"TCO865"
"silitrade.dk";"TCO865"
"skaerbaekbyfest.dk";"TCO865"
"skaerbaekferieby.dk";"TCO865"
"skaerbaek-feriecenter.dk";"TCO865"
"skaerbaekfritidscenter.dk";"TCO865"
"skilte-odense.dk";"TCO865"
"skjoldborgelektroservice.dk";"TCO865"
"skovlund-vvs.dk";"TCO865"
"skovroedderne.dk";"TCO865"
"skribenterne.com";"TCO865"
"skribenterne.dk";"TCO865"
"sk-svejs.dk";"TCO865"
"slbyg.dk";"TCO865"
"smag-smil.dk";"TCO865"
"smedejernslaager.dk";"TCO865"
"smeden-hjallese.dk";"TCO865"
"smedenihjallese.dk";"TCO865"
"smooth-robotics.dk";"TCO865"
"softeepadel.dk";"TCO865"
"sondergaardhairdesign.dk";"TCO865"
"sondergaardparyk.dk";"TCO865"
"soren-b.dk";"TCO865"
"sparvath.info";"TCO865"
"special-lakering.dk";"TCO865"
"special-lakering-odense.dk";"TCO865"
"spmaskiner.dk";"TCO865"
"sportscenter-danmark.dk";"TCO865"
"sportscenterdanmark.dk";"TCO865"
"sportscenter-denmark.dk";"TCO865"
"sportscenterdenmark.dk";"TCO865"
"sports-center.dk";"TCO865"
"sportshotelvejen.dk";"TCO865"
"sportyliving.dk";"TCO865"
"spotlight.dk";"TCO865"
"spotonjobs.dk";"TCO865"
"spuling.dk";"TCO865"
"srogs.dk";"TCO865"
"sss.dk";"TCO865"
"steinfrandsen.dk";"TCO865"
"stendershop.dk";"TCO865"
"stepupshoes.dk";"TCO865"
"stormhandwerk.dk";"TCO865"
"strandparken-kbh.dk";"TCO865"
"strikke-garn.dk";"TCO865"
"studiio.dk";"TCO865"
"svanningemaler.dk";"TCO865"
"svanningemalerforretning.dk";"TCO865"
"tandkultur.dk";"TCO865"
"tandlaegerneifrederiksvaerk.dk";"TCO865"
"tandlaegernesoeborg.dk";"TCO865"
"tandplejereidanmark.dk";"TCO865"
"tandvaerk.dk";"TCO865"
"tasfo.dk";"TCO865"
"te-el.dk";"TCO865"
"testafelcykel.dk";"TCO865"
"test-elcykel.dk";"TCO865"
"thomas-hans.dk";"TCO865"
"t-i.dk";"TCO865"
"time2learn.dk";"TCO865"
"tjn-nielsen.dk";"TCO865"
"t-joy.dk";"TCO865"
"tjoy.dk";"TCO865"
"tmauto.dk";"TCO865"
"tmhmultiservice.dk";"TCO865"
"togt.dk";"TCO865"
"tomrerkerteminde.dk";"TCO865"
"tonaboligudlejning.dk";"TCO865"
"tornbjerg-gym.dk";"TCO865"
"tpi-ea.dk";"TCO865"
"tr3ding.dk";"TCO865"
"traedesign.dk";"TCO865"
"traedrejerbutikken.dk";"TCO865"
"trendbuddy.co.uk";"TCO865"
"trend-buddy.de";"TCO865"
"trendbuddy.de";"TCO865"
"trendbuddy.dk";"TCO865"
"triathlon-blog.dk";"TCO865"
"trierchristensen.dk";"TCO865"
"trierindustries.com";"TCO865"
"trierindustries.dk";"TCO865"
"trolden-urteheksen.dk";"TCO865"
"ugotlead.com";"TCO865"
"ugotlead.de";"TCO865"
"ugotlead.dk";"TCO865"
"ugotlead.se";"TCO865"
"uhr.dk";"TCO865"
"ullerslevoste.dk";"TCO865"
"ungdomshojskole.dk";"TCO865"
"unicornsp.dk";"TCO865"
"unikamalerfirma.dk";"TCO865"
"unmade.dk";"TCO865"
"vadehavsmesse.dk";"TCO865"
"vaersgo.dk";"TCO865"
"valggaven-newimage.dk";"TCO865"
"varmepumperfyn.dk";"TCO865"
"varnildsbogforing.dk";"TCO865"
"vedsundet.dk";"TCO865"
"vejenkonferencen.dk";"TCO865"
"vejenrengoring.dk";"TCO865"
"vejensundhedscenter.dk";"TCO865"
"vestfynsefterskole.dk";"TCO865"
"vibor-a.dk";"TCO865"
"vikingcs.dk";"TCO865"
"viks.eu";"TCO865"
"vildmarksbadbutik.dk";"TCO865"
"vildmarksbadleje.dk";"TCO865"
"villynielsen.dk";"TCO865"
"vindmedsef.dk";"TCO865"
"violas.dk";"TCO865"
"vistiunlimited.com";"TCO865"
"vistiunlimited.dk";"TCO865"
"vosogco.dk";"TCO865"
"vtm-messe.dk";"TCO865"
"vvs-give.dk";"TCO865"
"vvsogboligservice.dk";"TCO865"
"welovebeauty.dk";"TCO865"
"wendorff.dk";"TCO865"
"wewrite.dk";"TCO865"
"wolflead.com";"TCO865"
"wpug.dk";"TCO865"
"xn--3sknnedage-2cb.dk";"TCO865"
"xn--almenspeciallgen-6ob.dk";"TCO865"
"xn--anlgsgartner-odense-nxb.dk";"TCO865"
"xn--bbs-zna.dk";"TCO865"
"xn--bgebjerg-anlgsgartner-q3b61b.dk";"TCO865"
"xn--brolggerallanvogn-urb.dk";"TCO865"
"xn--dekredyr-l0a.dk";"TCO865"
"xn--dukanhjlpe-j6a.dk";"TCO865"
"xn--dyreborg-kreskole-90b.dk";"TCO865"
"xn--fdevaregruppen-qqb.dk";"TCO865"
"xn--fo-kka.dk";"TCO865"
"xn--frkenko-r1ad.dk";"TCO865"
"xn--fynboplser-5cb.dk";"TCO865"
"xn--godetnder-k3a.dk";"TCO865"
"xn--hotelsters-4cbf.dk";"TCO865"
"xn--hr-saksen-52a.dk";"TCO865"
"xn--hrsaksen-9za.dk";"TCO865"
"xn--ishjforsyning-dnb.dk";"TCO865"
"xn--jacksbrolgning-8ib.dk";"TCO865"
"xn--jenssrensen-kgb.dk";"TCO865"
"xn--kanstrafikskole-7tb.dk";"TCO865"
"xn--kreskole-bornholm-00b.dk";"TCO865"
"xn--kvrs-kro-k0a.dk";"TCO865"
"xn--kvrskro-nxa.dk";"TCO865"
"xn--landbrugsvikar-snderjylland-q0c.dk";"TCO865"
"xn--lebk-xoa.dk";"TCO865"
"xn--louismbler-5cb.dk";"TCO865"
"xn--mbelforretningen-lxb.dk";"TCO865"
"xn--mjlnerparken-wjb.dk";"TCO865"
"xn--naturlftet-5cb.dk";"TCO865"
"xn--rjleskovmassren-5tbl.dk";"TCO865"
"xn--sdbanlg-rxa.dk";"TCO865"
"xn--skibhustandlgerne-2rb.dk";"TCO865"
"xn--smedejernslger-vib.dk";"TCO865"
"xn--smedejernslge-zfb.dk";"TCO865"
"xn--stren-tra.dk";"TCO865"
"xn--tandlgerne-hrmand-vrb36a.dk";"TCO865"
"xn--tandlgerneifrederiksvrk-d9bq.dk";"TCO865"
"xn--tandvrk-qxa.dk";"TCO865"
"xn--tranekret-l3a.dk";"TCO865"
"xn--tranekrets-i6a.dk";"TCO865"
"xn--trdrejerbutikken-vob.dk";"TCO865"
"xn--varnildsbogfring-wxb.dk";"TCO865"
"xn--vrsgoshop-g3a.com";"TCO865"
"xn--vrsgoshop-g3a.dk";"TCO865"
"xn--vrsgo-sra.com";"TCO865"
"xn--vrsgo-sra.dk";"TCO865"
"yougotlead.dk";"TCO865"
